Metric,Mean,Variance
MSE,0.45271889013057515,0.0016266277693642753
RMSE,0.6721642528249518,0.0009141073548492452
R2,0.2964021618501044,0.006358046171050286
