Metric,Mean,Variance
MSE,0.45271889022691614,0.0016266277860188412
RMSE,0.6721642528898355,0.0009141073639654608
R2,0.29640216168799366,0.006358046235687695
