Metric,Mean,Variance
MSE,0.41703928435142446,0.0014913357230067737
RMSE,0.6451116271454176,0.0008702728732160913
R2,0.3553258031731847,0.0008016919835326433
