Metric,Mean,Std
MSE,0.4186037699804704,0.04559836820495976
RMSE,0.6462412573857268,0.034928627817759544
R2,0.35355390882469667,0.022095582212932213
