,Alcohol,Chlorides
MSE mean,0.4972615458830346,0.639592393994958
MSE var,0.0032761361873881603,0.0034402449996156874
RMSE mean,0.7040091774189049,0.7989013016742681
RMSE var,0.0016326239929915435,0.0013491041781181078
R2 mean,0.23351672780819382,0.012226760693390838
R2 var,0.0006199470731495263,0.00022233853052412695
